{"cameraMode":{"drawMode":0,"name":"Shaded","section":"Shading Mode"},"sceneLighting":true,"audioPlay":false,"sceneViewState":{"showFog":false,"showMaterialUpdate":false,"showSkybox":false,"showFlares":false,"showImageEffects":false,"showParticleSystems":false},"in2DMode":false,"pivot":{"x":-223.18136596679688,"y":0.514251708984375,"z":172.79502868652345},"rotation":{"x":-0.1999569535255432,"y":0.5482868552207947,"z":-0.13697285950183869,"w":-0.800402820110321},"size":2885.744140625,"orthographic":false}