{"cameraMode":{"drawMode":0,"name":"Shaded","section":"Shading Mode"},"sceneLighting":false,"audioPlay":false,"sceneViewState":{"showFog":false,"showMaterialUpdate":false,"showSkybox":false,"showFlares":false,"showImageEffects":false,"showParticleSystems":false},"in2DMode":false,"pivot":{"x":5.54391622543335,"y":-6.609644889831543,"z":9.528620719909668},"rotation":{"x":0.22309383749961854,"y":0.24603506922721864,"z":-0.05836677923798561,"w":0.9414364099502564},"size":13.103099822998047,"orthographic":false}