{"cameraMode":{"drawMode":0,"name":"Shaded","section":"Shading Mode"},"sceneLighting":false,"audioPlay":false,"sceneViewState":{"showFog":false,"showMaterialUpdate":false,"showSkybox":false,"showFlares":false,"showImageEffects":false,"showParticleSystems":false},"in2DMode":false,"pivot":{"x":13.661458015441895,"y":-9.971939086914063,"z":9.930851936340332},"rotation":{"x":0.36678436398506167,"y":0.2668859660625458,"z":-0.11076623946428299,"w":0.8842998743057251},"size":39.165157318115237,"orthographic":false}