{"cameraMode":{"drawMode":0,"name":"Shaded","section":"Shading Mode"},"sceneLighting":false,"audioPlay":false,"sceneViewState":{"showFog":false,"showMaterialUpdate":false,"showSkybox":false,"showFlares":false,"showImageEffects":false,"showParticleSystems":false},"in2DMode":false,"pivot":{"x":566.0555419921875,"y":639.0841674804688,"z":-235.37939453125},"rotation":{"x":0.2584554851055145,"y":0.13768433034420014,"z":-0.03730820491909981,"w":0.9554391503334045},"size":225.3600616455078,"orthographic":false}