{"cameraMode":{"drawMode":0,"name":"Shaded","section":"Shading Mode"},"sceneLighting":true,"audioPlay":false,"sceneViewState":{"showFog":false,"showMaterialUpdate":false,"showSkybox":false,"showFlares":false,"showImageEffects":false,"showParticleSystems":false},"in2DMode":false,"pivot":{"x":-0.3129213750362396,"y":-1.706143856048584,"z":3.774184226989746},"rotation":{"x":-0.26404866576194765,"y":0.025167642161250116,"z":-0.006891462951898575,"w":-0.9641615152359009},"size":22.04829978942871,"orthographic":false}